{
  "train_loss": [
    0.27658036764567945,
    0.25334265495333796,
    0.24977505547849133,
    0.24786181848704836,
    0.24684782736356084,
    0.24539700404763073,
    0.24455731935833966,
    0.24195987951922773
  ],
  "val_loss": [
    0.24465430870126587,
    0.24081475596649007,
    0.23937089377974638,
    0.2379818224790326,
    0.23683553621023762,
    0.235886929180098,
    0.2353239178490967,
    0.23461119655163118
  ],
  "val_acc": [
    0.9295674242208218,
    0.9372380164817931,
    0.9288545438991702,
    0.9286834526219738,
    0.9324759759331603,
    0.9316775499729105,
    0.9322763694430979,
    0.9347857081753115
  ],
  "val_f1": [
    0.9472717957475877,
    0.9534721488214777,
    0.9462990465121285,
    0.9460374997302954,
    0.949267289399263,
    0.9486145663549799,
    0.9490813198121905,
    0.9511021787004768
  ]
}