{
  "train_loss": [
    0.1600175416937328,
    0.13775079095596135,
    0.13310718821159612,
    0.12969080751201534,
    0.12861659243113097,
    0.12666692439259777,
    0.1247474608250881,
    0.12406034717316963,
    0.12280332638978876,
    0.12164930597132936,
    0.12109526019537885,
    0.11994758938062391,
    0.11893598956716799,
    0.1189419506945237,
    0.11453283594899348,
    0.11332470860008885,
    0.11222892446740672,
    0.11155451734005228,
    0.11080900248166867
  ],
  "val_loss": [
    0.134209267796998,
    0.12912862873107306,
    0.12770916476508787,
    0.12823851838452552,
    0.12762870648613187,
    0.12449121806224447,
    0.12340217880929531,
    0.12492431440949694,
    0.12959575543661903,
    0.12661236492118802,
    0.12368177486606802,
    0.12277232619202329,
    0.12257357680065713,
    0.1210901300733058,
    0.11918090552286208,
    0.1191901642713498,
    0.11911322994025365,
    0.12104492240919658,
    0.12324109992522327
  ],
  "val_acc": [
    0.9307365479483304,
    0.9316205195471784,
    0.9306795175225983,
    0.9246913228207249,
    0.9290256351763666,
    0.9378368359519804,
    0.9386067466993641,
    0.9285979069833756,
    0.9445949414012376,
    0.932761128061821,
    0.9435969089509253,
    0.9396618095754085,
    0.9371524708431949,
    0.9406883572385868,
    0.9421426330947561,
    0.9369243491402663,
    0.938093472867775,
    0.9407168724514529,
    0.938578231486498
  ],
  "val_f1": [
    0.9481481481481482,
    0.9485518129156834,
    0.9476585208310906,
    0.9426206357138202,
    0.9463242112527226,
    0.9535042443373288,
    0.9541143624389932,
    0.9457867844461765,
    0.9596075088871796,
    0.9491393813899314,
    0.9582629979743417,
    0.9549595572584079,
    0.9526916802610114,
    0.9557069846678024,
    0.9567202064802371,
    0.9525016104788491,
    0.9533609744570238,
    0.955644214973011,
    0.9537708717860669
  ]
}