{
  "train_loss": [
    0.16699274902069353,
    0.1376531333873437,
    0.13412387410563972,
    0.13178133674656853,
    0.12979631803592417,
    0.12815550360261369,
    0.12706970664220754,
    0.1264210295123767,
    0.124071382226647,
    0.12407873745816891,
    0.12337613159823992,
    0.12234109152990993,
    0.1217641131889729,
    0.12076183566994633,
    0.12024049472105847,
    0.11994898323663572,
    0.11929486703084706,
    0.11842950613999484,
    0.1182051410581362,
    0.11755056843183678,
    0.11726349634871021,
    0.1163523954767328,
    0.11381026016200052,
    0.11252884481714541,
    0.1123457300213597,
    0.11188567094262628,
    0.1112354239260877
  ],
  "val_loss": [
    0.14016322817028481,
    0.13180537406263682,
    0.12997755319098483,
    0.12896947771495218,
    0.1279178505238701,
    0.12635688407847415,
    0.13390508881203378,
    0.12269494704220829,
    0.12113515528604049,
    0.12186439446162693,
    0.1249756662061874,
    0.1198926638128678,
    0.12182779048213824,
    0.11951418047782383,
    0.12012085935151956,
    0.12129123308670225,
    0.12252795724557536,
    0.12043899566172235,
    0.11977021571987793,
    0.11733201692219847,
    0.11915904272050995,
    0.11785899446227395,
    0.11668824535860178,
    0.1177503928778387,
    0.1168810849464216,
    0.11658313778522006,
    0.1175009898773183
  ],
  "val_acc": [
    0.9105762924520232,
    0.9346146168981151,
    0.926060053038296,
    0.9350423450911061,
    0.9306795175225983,
    0.9311357609284553,
    0.9218398015341185,
    0.9374946533975876,
    0.9367247426502039,
    0.9377798055262483,
    0.939462203085346,
    0.9408309333029171,
    0.940773902877185,
    0.9392625965952835,
    0.9420570874561579,
    0.942085602669024,
    0.943482848099461,
    0.93675325786307,
    0.9422281787333543,
    0.9402035986198637,
    0.9353274972197667,
    0.9425418460748809,
    0.9404887507485243,
    0.9364966209472754,
    0.9391770509566854,
    0.9403746898970601,
    0.9409735093672474
  ],
  "val_f1": [
    0.9309889529510145,
    0.9512075752739653,
    0.9438026917492035,
    0.9513372639494146,
    0.9476742934630534,
    0.9480477573410777,
    0.940333921069244,
    0.9531283411025103,
    0.9524890268707847,
    0.9534238387978142,
    0.954834592064674,
    0.9558143991823002,
    0.9558826653072495,
    0.9545551525496053,
    0.9568063940141145,
    0.9568927093282394,
    0.9580795262267343,
    0.9524381352661149,
    0.957014342697106,
    0.9551530186702025,
    0.9512111173256464,
    0.9572159585536234,
    0.9553324914924127,
    0.9520693885457245,
    0.954248085626649,
    0.9552487961476726,
    0.9557767902922577
  ]
}